{"cameraMode":{"drawMode":0,"name":"Shaded","section":"Shading Mode"},"sceneLighting":true,"audioPlay":false,"sceneViewState":{"showFog":true,"showMaterialUpdate":false,"showSkybox":true,"showFlares":true,"showImageEffects":true,"showParticleSystems":true},"in2DMode":false,"pivot":{"x":-0.6718825697898865,"y":4.024590015411377,"z":-0.7799134850502014},"rotation":{"x":0.527768075466156,"y":-0.031496312469244,"z":0.01959005557000637,"w":0.8485800623893738},"size":10.889206886291504,"orthographic":false}