{"cameraMode":{"drawMode":0,"name":"Shaded","section":"Shading Mode"},"sceneLighting":false,"audioPlay":false,"sceneViewState":{"showFog":true,"showMaterialUpdate":false,"showSkybox":false,"showFlares":true,"showImageEffects":true,"showParticleSystems":true},"in2DMode":false,"pivot":{"x":2.4211885929107668,"y":-0.5001134872436523,"z":1.4053964614868165},"rotation":{"x":0.6613141298294067,"y":0.020544979721307756,"z":-0.01812361180782318,"w":0.7496116757392883},"size":15.22024154663086,"orthographic":false}